filename,width,height,aspect,isSquarePow2,megapixels,hasCameraExif,hasAITag,hasPipelineTag,hasC2paHint,elaGlobalMean,elaGlobalStd,elaHotBlockRatio,elaMaxBlock,noiseMeanEnergy,noiseStdEnergy,noiseCoeffVar,freqHighBand,freqMidBand,freqHighMidRatio,freqMaxProminence,freqMeanProminence,freqOutlierRatio,lsbMaxP,lsbHighPWindows,pipelineSignature,label
000001.jpg,1920,1080,1.7777777777777777,0,2.0736,0,0,0,0,0.3021037581699356,0.24149936406775643,0.029901960784313727,2.0651041666666656,3.075420071192537,4.212196010300653,1.3696327372498793,3.3566428845590557,3.954220662007409,0.8488759660810165,0.6449643323502396,0.00003117575929622866,0,0.12495463549411936,0,,ai
000002.jpg,2560,1417,1.806633733239238,0,3.62752,0,0,0,0,0.952783264083961,0.766649413715484,0.04459269662921348,4.18359375,10.654325481906053,9.830437343557781,0.9226710184753171,3.6948630679798065,4.106581949721627,0.8997417105557264,0.6993140139799938,-0.0000015467836821984738,0,0.6327929629251176,0,,ai
000003.jpg,1280,853,1.5005861664712778,0,1.09184,0,0,0,0,1.6187553650655897,1.4518246855459387,0.04351851851851852,8.225260416666659,7.811572256227348,8.815324180669169,1.1284955053243775,3.479349573777084,3.9090938221473928,0.8900655067587413,0.7076442499595319,-0.00024378537762082203,0,6.237754650199134e-7,0,,ai
000004.jpg,1536,1536,1,0,2.359296,0,0,0,0,0.5180159674750434,0.5195704110356533,0.049262152777777776,3.9687500000000004,7.0887553711881175,10.472978693956607,1.4774072662351267,3.5996971504411643,4.100045317282523,0.8779652105960173,0.6331998812410777,-0.00010519921993997816,0,0.9999450503417977,8,,ai
000005.jpg,2048,1365,1.5003663003663004,0,2.79552,0,0,0,0,1.030829851017436,0.8339457401447203,0.061500726744186045,3.9335937499999987,7.849475492736622,8.41972990417317,1.072648728181166,3.497440632398611,3.810484864617049,0.9178466144491828,0.6155890166337774,0.000010871777463084724,0,0.9999987334991073,8,,ai
000006.jpg,1000,606,1.6501650165016502,0,0.606,0,0,0,0,1.992538700421683,1.0619583624756206,0.03842940685045948,6.473958333333333,14.010690390929982,13.291729918231681,0.9486848647256005,3.5394551117489956,4.127635776906926,0.8575018008011628,1.0412813134521999,0.000034173356644342706,0,0.9999240091764777,10,,ai
000007.jpg,1344,768,1.75,0,1.032192,0,0,0,0,0.6298834583746706,0.49173389763980924,0.05109126984126984,3.7252604166666665,13.894627624419766,9.379255198141156,0.6750274603730396,3.6891116187675586,4.099203224761636,0.8999582154119905,0.6704095470759905,0.00002379160465191894,0,0.9999539321049672,13,,ai
000008.jpg,1648,1236,1.3333333333333333,0,2.036928,0,0,0,0,0.8500074228798458,0.7550375788089531,0.05252676126462534,4.337239583333337,2.6145395236689204,3.851557052793483,1.4731301699309123,3.2403400423944984,3.8158696558153578,0.8491747189153181,0.6637728839655508,0.000008240019615639146,0,0.9836908072655058,2,,ai
000009.jpg,2000,1334,1.4992503748125936,0,2.668,0,0,0,0,0.37871866732804,0.4110723167109208,0.06733333333333333,2.4622395833333335,8.225273650088939,9.873123988212244,1.2003398802549854,3.659711783858287,4.085809433456932,0.8957127941138138,0.8515587081023526,-0.0001632302298246037,0,0.0002772045708908402,0,,ai
000010.jpg,1000,800,1.25,0,0.8,0,0,1,0,0.6374458498677252,0.4901263808211378,0.040952380952380955,2.64453125,12.539645594653788,10.123020519674887,0.8072812300206302,3.6500929906741733,4.105252640842826,0.8891274934847355,0.6788955144590645,0.0000451976717800135,0,0.08938300037170217,0,gd-jpeg,ai
000011.jpg,626,626,1,0,0.391876,0,0,0,0,1.993841959635417,0.7282718827327836,0.011875,4.079427083333332,16.20651405399326,7.749302355850799,0.4781597282446673,3.594706371078563,4.087283005210248,0.8794855571528141,0.6306230853019583,-0.00005579434866299279,0,0.9999999370282069,14,,ai
000012.jpg,626,626,1,0,0.391876,0,0,0,0,1.992421061197915,0.7871244376117795,0.0125,4.290364583333334,16.320442627041796,8.424050862100815,0.5161655878219118,3.605683138735566,4.100662862268818,0.8792927533527131,0.6274168363368089,-0.00030372617834453753,0,0.9999999754461738,18,,ai
000013.jpg,800,485,1.6494845360824741,0,0.388,0,0,0,0,2.079264616935485,1.0843331919478267,0.03870967741935484,6.290364583333335,15.359793919198037,12.68624740144501,0.8259386465848744,3.4800553261367773,4.122289272118879,0.8442045418001465,1.0602199362072877,-0.000014327952316639667,0,0.9986603172535613,4,,ai
000014.jpg,626,351,1.7834757834757835,0,0.219726,0,0,0,0,2.4275227864583315,1.0731791519933107,0.01818181818181818,5.200520833333331,15.999520288872763,11.855050350475226,0.7409628624128247,3.581613357905514,4.0817358431914315,0.8774730887790914,0.5940541141889821,0.0000387763655926248,0,0.9999989156613288,16,,ai
000015.jpg,750,422,1.7772511848341233,0,0.3165,0,0,0,0,0.5313828028256222,0.5363521796240007,0.039401103230890466,4.209635416666665,8.412681162804605,10.040104946239822,1.193448884123961,3.444395875999305,3.9675614447180303,0.8681392648839227,0.6322537073718255,0.00000983901085154082,0,0.10077268387825386,0,,ai
000016.jpg,1920,1080,1.7777777777777777,0,2.0736,0,0,0,0,0.10921495225694458,0.30193865131994746,0.04656862745098039,6.033854166666675,6.012306821303165,14.6826112444108,2.4420928074373207,3.670438807577245,3.9483651803571704,0.9296097599678498,0.7637189296104676,-0.00012360890222917116,0,1.75212713791268e-46,0,,ai
000017.jpg,626,351,1.7834757834757835,0,0.219726,0,0,0,0,2.426020162563133,1.0314599889954876,0.026136363636363635,6.398437499999997,11.895459843518225,7.473753739102101,0.6282862400796142,3.438393284822982,3.8831338555812875,0.8854686479274793,0.6997376809757601,-0.00019382699128562335,0,0.9999618426182736,9,,ai
000018.jpg,1920,1629,1.1786372007366483,0,3.12768,0,0,0,0,0.08928840883976445,0.08796293463377887,0.03529411764705882,0.868489583333333,2.2025345668404777,2.5456549095546097,1.1557843167956887,3.21767644440907,3.8250390607976845,0.8412140093905464,0.8050134212459854,-0.00004813887039119108,0,9.410800201622946e-11,0,,ai
000019.jpg,1024,1024,1,1,1.048576,0,0,0,0,2.0327876408894867,1.364497174897104,0.031494140625,9.389322916666666,9.314607127071524,9.42600888398509,1.0119598986187828,3.540380479990949,3.9301182764870424,0.9008330617356223,0.8434320190619689,-0.0001938186590156143,0,0.9999924998271404,8,,ai
000020.jpg,1600,1067,1.499531396438613,0,1.7072,0,0,0,0,0.43822688757914985,0.29017969092228857,0.04,2.7083333333333344,3.87536701011511,4.489391442300121,1.1584429114926003,3.319679917604307,3.912290799865462,0.8485258605312432,0.7695784086817534,-0.00020667613829990667,0,0.9999569810175206,11,,ai
000021.jpg,1536,1536,1,0,2.359296,0,0,0,0,0.3518695124873406,0.43939862715554073,0.0546875,3.311197916666664,2.5869032913879333,5.997451031532719,2.3183901197616663,3.3631153512742777,3.9584401641842595,0.849606211482885,0.6357619464773387,-0.00019858986443604487,0,0.7974469259777707,0,,ai
000022.jpg,626,361,1.734072022160665,0,0.225986,0,0,0,0,2.4072028167773727,1.2489904377173864,0.02391304347826087,6.837239583333331,13.051237218534688,9.680477554485023,0.7417287259737577,3.54681040456129,3.9027074467322542,0.9088076554472568,0.6552534499553424,-0.000009983886495826856,0,0.9995649702799294,4,,ai
000023.jpg,626,351,1.7834757834757835,0,0.219726,0,0,0,0,1.9133780184659066,1.1343153314675873,0.005681818181818182,4.666666666666664,13.122818180738582,10.372686875334892,0.790431348851554,3.478352746852336,4.0272322920837125,0.8637079995831621,0.6720089912673228,-0.00009811616920361704,0,0.999999997239432,18,,ai
000024.jpg,626,417,1.501199040767386,0,0.261042,0,0,0,0,1.3616644965277769,0.6170950992992165,0.03888888888888889,3.891927083333335,10.302140521405377,6.391409209532314,0.6203962367094973,3.43270658984668,3.7883961243685973,0.906110785977747,0.6666132949907242,-0.00014877798187256912,0,0.9999999648472306,32,,ai
000025.jpg,2560,1485,1.7239057239057238,0,3.8016,0,0,1,0,1.0201564371273595,0.6212680734387904,0.05779569892473118,4.410156249999997,7.469683820296517,5.231705453393203,0.7003918210269742,3.5418952148115292,3.9662377060356624,0.8930113314745645,0.9417201726171505,-0.000034336470964724527,0,0.9999998523580027,24,gd-jpeg,ai
000026.jpg,417,626,0.6661341853035144,0,0.261042,0,0,0,0,1.5105625482253082,0.8655749526843364,0.028703703703703703,7.895833333333334,14.562307078382,10.850906005563417,0.7451364641027092,3.5262499331047112,4.0139533068005875,0.8784979952632754,0.6792532268560554,-0.00009603795822534075,0,0.9997165452622948,4,,ai
000027.jpg,2000,2000,1,0,4,0,0,0,0,0.24199233333333373,0.12872895971650827,0.033984,1.8333333333333335,4.96172634344126,4.359030341251296,0.8785309869040546,3.3895090732150064,3.9556915773238623,0.8568688956048757,0.6109307398349708,0.00001537384802321449,0,0.9999967677753541,26,,ai
000028.jpg,1000,563,1.7761989342806395,0,0.563,0,0,0,0,2.6141994445669177,1.572379789922517,0.03262786596119929,8.028645833333337,9.218101267514852,7.258006852110322,0.7873646254774808,3.4633042628479664,3.903599436425034,0.8872079011312966,0.6234855427181323,-0.00011516851656011903,0,0.9999975879586736,23,,ai
000029.jpg,3840,2304,1.6666666666666667,0,8.84736,0,0,0,0,0.013003389334972984,0.10320157577020098,0.016840277777777777,3.12109375,4.2475171199747415,3.237317012163213,0.7621669132159883,3.354605042348477,3.921185394064294,0.8555078898912866,0.6734562867868363,-0.00014467124262924054,0,0.9996253970607097,9,,ai
000030.jpg,626,626,1,0,0.391876,0,0,0,0,1.4027197265624993,0.8086692338914133,0.020625,3.713541666666663,9.822261232309408,8.08633896877719,0.8232665348156222,3.4641977235039563,3.893615099839036,0.8897124226909763,0.6250900584057684,0.00018068265156115108,0,0.9521250816359318,1,,ai
000031.jpg,1024,1024,1,1,1.048576,0,0,0,0,0.12276395161946613,0.21673263099698314,0.067138671875,1.5364583333333328,4.207524977409041,5.122860824965931,1.21754733542201,3.254496446383561,3.8818257419758098,0.8383932362525515,0.6457165747615679,-0.000011833702246116555,0,0.9998122942152773,2,,ai
000032.jpg,1200,800,1.5,0,0.96,0,0,0,0,0.6062440972222216,0.30055002184319163,0.03866666666666667,2.3007812500000004,5.005668451895042,5.247861296146248,1.048383716696122,3.316225796696217,3.8314443476259568,0.8655288961070308,0.7918677828408764,0.00011682297363464989,0,0.9999999954560099,20,,ai
000033.jpg,1024,1024,1,1,1.048576,0,0,0,0,0.5642776489257819,0.4321737136213105,0.048828125,3.0403645833333335,2.85605393160572,3.8038941766948415,1.331870569599584,3.174945164964828,3.8513162269861874,0.8243792453909589,0.8763401669515547,-0.00023352500869342112,0,0.5725614055597866,0,,ai
000034.jpg,1031,1280,0.80546875,0,1.31968,0,0,0,0,0.9498216432005501,0.6174246954743058,0.03865384615384616,3.3828124999999996,17.83270077442011,16.46259072284602,0.9231686737244295,3.803484022112096,4.251792156456681,0.8945601953604918,0.6760158003140679,-0.000023917708936432892,0,0.9896470872119761,1,,ai
000035.jpg,1680,840,2,0,1.4112,0,0,0,0,1.0600589154687026,0.93052930679741,0.03450134770889488,4.233072916666664,13.81617654852578,14.029724101700578,1.0154563422394587,3.702568668331008,4.125498152219473,0.8974840205270888,0.6851429575524532,-0.00001110043914966147,0,0.2153771000692624,0,,ai
000036.jpg,1280,767,1.66883963494133,0,0.98176,0,0,0,0,1.2829096137152802,0.9066410908751241,0.04973958333333333,4.598958333333334,12.349362424544186,11.488413303497941,0.9302839214326466,3.6454300137041824,4.0319584967447994,0.9041338140378476,0.6222309247417273,-0.000166090193623708,0,0.9999997194970456,7,,ai
000037.jpg,2560,1280,2,0,3.2768,0,0,0,0,1.3333304850260461,0.7064498183530019,0.03703125,4.169270833333332,11.575588965245082,8.185920394272188,0.7071709628641667,3.701263575801084,4.078431028641921,0.9075214340534208,0.7272353636034534,0.000008441188576081097,0,0.9993399014460147,2,,ai
000038.jpg,640,640,1,0,0.4096,0,0,0,0,0.28225504557291714,0.13663916696650621,0.025,0.9713541666666664,3.2877058823630056,2.9689139383765526,0.903035138971335,3.0091535269845644,3.5763055818752334,0.8414139838147491,0.634944722173608,-0.000006814666219054197,0,0.9996189349805489,7,,ai
000039.jpg,1920,1080,1.7777777777777777,0,2.0736,0,0,0,0,0.38703916462418214,0.6435499328375777,0.05674019607843137,4.225260416666668,9.031574760805057,12.94678157929336,1.433502121410697,3.7117378282379674,4.171841453272646,0.8897121019127548,0.7052190030488528,-0.00019964052034704213,0,0,0,,ai
000040.jpg,481,626,0.768370607028754,0,0.301106,0,0,0,0,2.371683887768816,0.8588721071601267,0.01935483870967742,5.061197916666665,13.107576879890495,8.004903446214357,0.6107081056679053,3.4805616516865636,4.000941678386267,0.8699356130305821,0.6386784285589493,0.00004549605157367443,0,0.9999969797461988,15,,ai
000041.jpg,1280,900,1.4222222222222223,0,1.152,0,0,0,0,0.596527206688597,0.3690828011995216,0.049342105263157895,2.880208333333333,7.99716647331843,6.286705739402684,0.7861166527391309,3.4782050515115306,4.016773472610977,0.8659201409360616,0.7017882858344722,-0.00011294818735248376,0,0.9999822978421885,11,,ai
000042.jpg,1536,864,1.7777777777777777,0,1.327104,0,0,1,0,0.5825303317097486,0.3121675842046885,0.033179012345679014,2.8268229166666665,8.104388405409004,8.153267189717285,1.0060311502686197,3.5334668811103613,4.012859974372291,0.8805358033114727,0.6349828656276464,-0.0001328979796256884,0,0.9999999285639856,23,gd-jpeg,ai
000043.jpg,1280,720,1.7777777777777777,0,0.9216,0,0,0,0,0.5288519965277766,1.0977517679417435,0.08777777777777777,6.494791666666667,3.7770324063458087,8.584497584624948,2.2728154437335766,3.389315834968554,3.965557027191454,0.8546884616028296,0.6619623021157035,-0.000010441147022097945,0,3.163487649992729e-175,0,,ai
000044.jpg,1000,750,1.3333333333333333,0,0.75,0,0,0,0,1.5493250676452621,1.6401402824017357,0.04187774400540358,11.727864583333334,6.238464170797145,7.46496697283432,1.1966033255073507,3.408246940946559,3.868514825130494,0.8810220704871128,0.6573832639161514,-0.00010371388339841459,0,1.9151723428057005e-15,0,,ai
000045.jpg,720,720,1,0,0.5184,0,0,0,0,0.7554378858024693,0.6378269263570833,0.05876543209876543,4.451822916666665,5.402319297853808,6.5607146012289945,1.2144255530833554,3.2957334482753446,3.8735623322166233,0.8508275240247343,0.7797782389439094,-0.00013327075236225998,0,0.992854475224266,3,,ai
000046.jpg,986,1280,0.7703125,0,1.26208,0,0,0,0,1.1489354418682847,0.6727320323667813,0.034475806451612905,3.735416666666667,12.07138260600204,9.943442300060065,0.8237202501655497,3.646262885661212,4.050650785888298,0.9001671776703396,0.6404644506444201,-0.000012085524359672314,0,0.9999009908432618,12,,ai
000047.jpg,1792,1005,1.783084577114428,0,1.80096,0,0,0,0,0.3275912520122896,0.22128876495336078,0.026785714285714284,1.3411458333333337,5.780569064894703,9.202444135445042,1.5919616273303139,3.5510536421556167,4.090249061565017,0.8681754066088355,1.0736506798227259,-0.00029075500935508297,0,1.0507390070266548e-43,0,,ai
000048.jpg,626,626,1,0,0.391876,0,0,0,0,1.1717130533854165,0.6819993095007381,0.051875,4.104166666666665,7.597545559771246,7.854659465728803,1.033841706368826,3.366702843726499,3.9073576938939625,0.8616315954353638,0.7381186069804229,-0.0000247877542755262,0,0.9984732007452527,6,,ai
000049.jpg,960,1280,0.75,0,1.2288,0,0,0,0,0.6047319878472219,0.47644349259977137,0.058958333333333335,3.158854166666666,6.253224762456109,8.456950916238792,1.3524143521937175,3.4850422812906108,4.025193818214326,0.8658073222512948,0.7630326527798275,-0.00036678433649939377,0,0.9995907017856821,4,,ai
000050.jpg,481,626,0.768370607028754,0,0.301106,0,0,0,0,1.052204091061828,0.9000890103169314,0.04758064516129032,3.8294270833333353,8.344607085939804,10.067891108862593,1.2065146992752271,3.4459159154340875,3.919391591265108,0.8791966393747884,0.6156287442652193,-0.000004842656768259422,0,0.8118951374195132,0,,ai
000051.jpg,1280,1280,1,0,1.6384,0,0,0,0,0.5706412760416653,0.5661176349784757,0.05546875,4.158854166666666,2.5660984883683806,3.8072143909992637,1.4836587170198716,3.1583658292541936,3.66419685018153,0.8619530986982108,0.6763139759087111,-0.00019321460870716444,0,0.9197174608087746,0,,ai
000052.jpg,1600,900,1.7777777777777777,0,1.44,0,0,0,0,0.1852167854532165,0.14030172898010956,0.029473684210526315,1.1666666666666667,3.109791787850001,4.689373348402609,1.5079380448311859,3.21865941464891,3.9197336837832415,0.8211423719843972,1.0493649255007105,-0.00021328154731591644,0,0.9976865375577904,4,,ai
000053.jpg,1536,1536,1,0,2.359296,0,0,0,0,0.3518695124873406,0.43939862715554073,0.0546875,3.311197916666664,2.5869032913879333,5.997451031532719,2.3183901197616663,3.3631153512742777,3.9584401641842595,0.849606211482885,0.6357619464773387,-0.00019858986443604487,0,0.7974469259777707,0,,ai
000054.jpg,1280,853,1.5005861664712778,0,1.09184,0,0,0,0,1.1300587745949073,0.8723232937683719,0.061342592592592594,4.826822916666667,8.717323366983782,8.849810994710555,1.0151982004279616,3.520055259990928,3.9822612540655635,0.8839337842029422,0.6889455540075655,-0.00010678783074001704,0,0.9999963760634156,17,,ai
000055.jpg,626,351,1.7834757834757835,0,0.219726,0,0,0,0,0.810606751104798,0.5285244300335387,0.0375,2.929687499999998,8.782892918616831,8.50071744525198,0.9678721491905323,3.3077597584831593,3.853144845043423,0.8584571542225224,0.7765821219653075,-0.00008838540542783037,0,0.9999964986485587,15,,ai
000056.jpg,2048,1018,2.011787819253438,0,2.084864,0,0,0,0,0.0047222455342610685,0.02204480852875212,0,0.6341145833333335,1.8885045147022463,2.2286142727835787,1.1800947551004166,3.0210420896510812,3.627604102443081,0.8327926654445289,0.6472467244705284,-0.00032453488138647706,0,0.9584878669910208,2,,ai
000057.jpg,1920,1080,1.7777777777777777,0,2.0736,0,0,0,0,0.38703916462418214,0.6435499328375777,0.05674019607843137,4.225260416666668,9.031574760805057,12.94678157929336,1.433502121410697,3.7117378282379674,4.171841453272646,0.8897121019127548,0.7052190030488528,-0.00019964052034704213,0,0,0,,ai
000058.jpg,1536,1536,1,0,2.359296,0,0,0,0,0.5180159674750434,0.5195704110356533,0.049262152777777776,3.9687500000000004,7.0887553711881175,10.472978693956607,1.4774072662351267,3.5996971504411643,4.100045317282523,0.8779652105960173,0.6331998812410777,-0.00010519921993997816,0,0.9999450503417977,8,,ai
000059.jpg,853,1280,0.66640625,0,1.09184,0,0,0,0,0.5756052276234586,0.33901960802121384,0.050462962962962966,3.157552083333333,3.697170204233469,5.116793051150494,1.383975518706571,3.2827057522611125,3.8821131818276022,0.8455976419305983,0.6370705275823805,-0.00013542308400677584,0,0.9989845336751286,1,,ai
000060.jpg,1225,772,1.5867875647668395,0,0.9457,0,0,0,0,1.3945261884515698,1.0723981938637637,0.04028624436787702,4.99609375,18.261788110806222,16.49940473919469,0.9034933840586695,3.756981351553634,4.19190464415249,0.8962468544685163,1.1807863504541007,-0.0002937738457368515,0,0.9843376424874872,1,,ai
000061.jpg,1280,1280,1,0,1.6384,0,0,0,0,0.6840104166666664,0.5341196836181249,0.058125,4.26953125,3.6555786830642494,4.822228141206918,1.3191422095624918,3.2412465555851098,3.8645098525251327,0.8387212555473826,0.6880779793886984,-0.000032636008361793704,0,0.9999035882355519,6,,ai
2ARs9CAnbjyoKP9rnuEu--0--C-rCK.jpg,1024,1024,1,1,1.048576,0,0,1,0,2.6508471171061196,1.63949380894375,0.0400390625,7.906249999999999,14.534403008529932,12.100431042855712,0.8325371902619066,3.676667601349319,4.0111904674241945,0.9166025974603766,0.6413221274922938,0.0000263907284753715,0,0.9999978143687447,17,gd-jpeg,ai
A8etRqQqCfRqk0Jyt0oV--0--kqEt8.jpg,1024,1024,1,1,1.048576,0,0,1,0,1.632018725077308,0.3003134432111177,0.03759765625,2.8333333333333344,2.7444172786434198,0.8539091170399142,0.3111440536702954,2.8782504594683616,3.5309131643275635,0.8151575316399783,0.7744434750739249,-0.00005291550750926774,0,0.9999992865218722,14,gd-jpeg,ai
C0dDsmvuwXFEck6Usz2W--0--GYtu4.jpg,1024,1024,1,1,1.048576,0,0,1,0,1.940056800842282,1.1261148711676279,0.025634765625,6.273437500000001,8.115277355578518,8.092008425566847,0.9971327005853132,3.425659700597503,3.7221242684327707,0.9203507066248231,0.8341377968878154,-0.0001246224525147525,0,0.9999999840890739,15,gd-jpeg,ai
Hytf7GFgnctz0X8ASLOO--0---GYIK.jpg,1024,1024,1,1,1.048576,0,0,1,0,3.230410893758136,0.8073949527074081,0.014892578125,5.721354166666668,10.792045470108599,5.584820217651234,0.517494133352186,3.495635907795623,3.9567085419400265,0.8834706602073011,0.7993792063349412,-0.0001600574239022507,0,0.9999999996786432,36,gd-jpeg,ai
NlWsXRSQxtXFLJ0gfMS9--0--FloK1.jpg,1024,1024,1,1,1.048576,0,0,1,0,1.1793715159098317,0.6653796425016206,0.061767578125,4.104166666666669,4.284844889481517,5.155642944754959,1.2032274394368594,3.282988313632479,3.8272730064865312,0.8577878578477186,0.6510511897065054,-0.00000533014428437188,0,0.9999988203699048,12,gd-jpeg,ai
exDery0rqdZGTbe0R418--0--naXoj.jpg,1024,1024,1,1,1.048576,0,0,1,0,2.250668525695798,1.0688164758607555,0.01416015625,5.1341145833333295,9.84912601697032,7.329473048074199,0.7441749689713901,3.5104716678685586,3.870487937047578,0.9069842678663298,0.6832187456783432,0.00016422889991778066,0,0.9999996561952812,19,gd-jpeg,ai
jmTh05iIEW3EFq2lhYy4--0--XojGp.jpg,1024,1024,1,1,1.048576,0,0,1,0,3.3436123530069994,1.8649756062041347,0.041015625,9.317708333333327,11.364902686134139,8.458000849688075,0.7442211414627722,3.5631153911386244,3.891396506288435,0.9156392532554024,0.6530190589595684,0.0000368419822991419,0,0.999999292362828,18,gd-jpeg,ai
kUaTNi5TM3pzh0yzwvwC--0--csuZZ.jpg,1024,1024,1,1,1.048576,0,0,1,0,1.8799241383870418,0.8886954589420553,0.05322265625,5.658854166666665,7.351472205273524,6.856856609067787,0.9327188374798006,3.4363713653029335,3.9743734870114316,0.8646322185202947,0.7033194008526475,-0.00003115388919918639,0,0.9999999970131425,29,gd-jpeg,ai
t4ifhzZklpJbLH1PJ8F0--0--3-buD.jpg,1024,1024,1,1,1.048576,0,0,1,0,1.4924503962198867,0.9624322148724143,0.059326171875,6.000000000000002,6.519076630975669,8.085958130411898,1.2403532874565586,3.4327547870430717,3.8776758613565034,0.8852608907445431,0.7029951543864801,-0.0001028674719314215,0,0.9913783291057561,2,gd-jpeg,ai
w9xa2QzTz4wOYatLHN8K--0--nD79j.jpg,1024,1024,1,1,1.048576,0,0,1,0,1.6661084493001341,0.8242937521894979,0.0595703125,4.3828124999999964,7.819703208959944,7.609190491448005,0.9730791934314424,3.4843664025756245,3.929878957536294,0.8866345351155628,0.6203641073848014,-0.00027070364785816134,0,0.999999999994479,33,gd-jpeg,ai
000004.jpeg,4721,3147,1.50015888147442,0,14.856987,0,0,0,0,0.33677604733432426,0.18179803177427975,0.03498422280148168,2.510416666666666,9.884781457375166,8.242179236813026,0.833825135371448,3.7431515851946613,4.0584902821871705,0.9223014778730555,0.6386159688611368,-0.0001287206612782832,0,0.9999998872128989,21,,real
000010.jpeg,5784,3856,1.5,0,22.303104,0,0,0,0,0.09315965814439603,0.10767238557901794,0.05252057495243117,1.7109375,1.3912279038335518,1.7542716381957952,1.26095202185197,3.07693947436698,3.624568351196685,0.848911974125443,0.6979644668376914,-0.00015701960306719926,0,0.9980827815649629,4,,real
000014.jpeg,7008,4672,1.5,0,32.741376,0,0,0,0,0.1790103751290128,0.1415595281099822,0.04028272971789579,3.930989583333333,3.5591508538151033,1.8166528818324177,0.5104175002543436,3.441942301202594,4.011780047147902,0.8579588762972129,0.6381902191416944,-0.0002607383662705166,0,0.9999995526965644,7,,real
000021.jpeg,5804,3731,1.5556151165907264,0,21.654724,0,0,0,0,0.1310325357765904,0.18314288469588075,0.04019213110122201,2.197916666666665,2.0105789262429856,3.280253570004471,1.6314970415680368,3.4344653312335995,3.96921851664433,0.8652749443830512,0.8267624379195517,-0.00008984302735502635,0,0.9998735761076779,1,,real
000022.jpeg,3024,4032,0.75,0,12.192768,0,0,0,0,0.29166674868249637,0.2790254048756712,0.05639539766523893,2.1901041666666665,4.68892713005143,8.14656127794284,1.7374041122821813,3.4606534406473015,3.7820524460103826,0.9150199501590416,0.710646828103354,-0.00016909903818311108,0,0.9999986477542104,11,,real
000027.jpeg,2218,2960,0.7493243243243243,0,6.56528,0,0,0,0,0.6590073785566144,0.4028592193513241,0.04192105774839588,3.927083333333333,5.523182780242545,4.093817275137504,0.7412061917961239,3.4923802032736644,3.9275745270383693,0.8891951455615362,0.7128264599698393,-0.00027118160518783556,0,0.9999999999974695,13,,real
000032.jpeg,5184,3888,1.3333333333333333,0,20.155392,0,0,0,0,0.1760892238331717,0.12097143997300558,0.047782350251486055,1.414062499999999,2.2935614136931215,3.0174240059280493,1.3156063700380078,3.3252338093873637,3.9592682027341892,0.8398607114039472,0.6307992174393373,-0.0001421268489273129,0,0.9999992242819675,21,,real
000034.jpeg,5184,3888,1.3333333333333333,0,20.155392,0,0,0,0,0.1760892238331717,0.12097143997300558,0.047782350251486055,1.414062499999999,2.2935614136931215,3.0174240059280493,1.3156063700380078,3.3252338093873637,3.9592682027341892,0.8398607114039472,0.6307992174393373,-0.0001421268489273129,0,0.9999992242819675,21,,real
000001.jpg,700,876,0.7990867579908676,0,0.6132,0,0,0,0,3.133506167259715,1.3300646626775712,0.043801652892561986,9.03515625,30.63621359586986,17.123533078192608,0.5589311167520085,3.9273121137775835,4.1085759803172825,0.9558815834469,0.6612767790671352,-0.000049053646543934926,0,0.9999971942410154,9,,real
000002.jpg,1200,801,1.4981273408239701,0,0.9612,0,0,1,0,0.5043967864923756,0.5171728368511134,0.04941176470588235,4.186197916666668,7.884794989910951,10.305211555791434,1.306972669419756,3.524706011975107,3.942050210607886,0.894130166706217,0.836148924466797,-0.00019124693075781918,0,0.999479370038999,4,gd-jpeg,real
000003.jpg,2048,1365,1.5003663003663004,0,2.79552,0,0,0,0,0.5182063612827026,0.40263065030472317,0.01907703488372093,2.292968750000001,8.033875361362405,7.944653398111813,0.9888942808747456,3.561338802622734,3.9239312819167225,0.9075945899040126,0.8220164279909961,-0.00015143030393311444,0,0.9999999879302055,14,,real
000004.jpg,600,402,1.492537313432836,0,0.2412,1,0,0,0,3.268314830043859,1.910730664221876,0,6.483072916666665,11.048644591490616,8.801013989404067,0.7965695625852952,3.45129882137115,3.9304685690157433,0.8780883909308081,0.770176842702126,0.000032643967258804064,0,0.9999997152820358,14,,real
000005.jpg,768,576,1.3333333333333333,0,0.442368,0,0,0,0,0.898119514371142,0.5268494367734673,0.011574074074074073,3.286458333333332,14.416326889465163,10.455059673106781,0.725223543643901,3.6092508296760486,4.045610470064571,0.8921399764961657,0.683440852785012,-0.00011973526964783695,0,0.9999999998539929,15,,real
000006.jpg,1024,793,1.2912988650693569,0,0.812032,0,0,0,0,1.0168763563368055,0.736458995810197,0.0625,4.8437499999999964,4.139150013675175,4.223901981221869,1.0204756936247021,3.18220782244093,3.73874847332893,0.8511425267417191,0.8505853936679837,-0.00031747043178736637,0,0.9165764490838136,0,,real
000007.jpg,600,900,0.6666666666666666,0,0.54,0,0,0,0,0.6607261368882742,0.8017892158521498,0.0641735918744229,4.433593749999999,9.819070311403392,12.05078803455375,1.227284014919269,3.4826957970913472,4.025661742867375,0.8651238031267656,0.9854847382351211,-0.0001608291777688583,0,0.9203773711140989,0,,real
000009.jpg,700,544,1.286764705882353,0,0.3808,0,0,0,0,2.1318350671234416,1.0437630719834583,0.04344919786096257,8.983072916666668,22.550727318284544,10.071800341430588,0.44662862528891417,3.747193427367566,4.105934660096638,0.9126286065349543,0.6320895141768292,-0.00010567781870216872,0,0.9999579920864698,12,,real
000010.jpg,600,600,1,0,0.36,0,0,0,0,1.4119939548707285,0.3724686726396321,0.009002770083102494,2.359375,26.331710524407974,10.961858782832694,0.4162987730201456,3.8147286035570325,4.155061378274561,0.9180919982320801,0.697285188173844,-0.00009177115241378058,0,0.9984641789702601,6,,real
000011.jpg,626,626,1,0,0.391876,0,0,0,0,0.6138370768229167,0.4474568139381175,0.059375,2.4960937500000004,4.985081969511041,5.523570865937317,1.1080200686206756,3.24366660961916,3.756215684178703,0.8635464207451091,0.6571931834192837,-0.00014922812707795252,0,0.9996687668967323,7,,real
000012.jpg,1280,851,1.5041128084606346,0,1.08928,0,0,0,0,1.0004770286779812,0.715452510617334,0.025231481481481483,3.0598958333333326,12.36984716560497,13.574169458106397,1.0973595127230116,3.673782532091825,4.150610752490576,0.8851185406599186,0.6977277284723371,-0.000060932676140110804,0,0.9999993763854705,6,,real
000013.jpg,1024,1034,0.9903288201160542,0,1.058816,0,0,0,0,0.7274153019831753,0.9140276657084649,0.05048076923076923,3.680989583333334,23.417831319956456,26.27502639979888,1.122009379980782,3.9427600942546204,4.140931221431449,0.9521433425044127,1.15267770437028,0.00013986615950406232,0.00006132053778111634,0,0,,real
000014.jpg,950,633,1.5007898894154819,0,0.60135,0,0,0,0,0.4806068954153809,0.3975507611575471,0.02625,3.6549479166666656,11.841913971402242,9.9314281326494,0.8386674786384539,3.581597195640993,4.056535436550744,0.8829202287670413,0.7634613300793571,-0.00009074400983790806,0,0.9999088081584688,14,,real
000015.jpg,1600,1200,1.3333333333333333,0,1.92,0,0,0,0,0.4139267361111098,0.4758962989357433,0.04186666666666667,4.033854166666666,10.919869333575303,11.788286672979096,1.0795263489768758,3.656374136500713,3.9662512128518954,0.921871545769193,0.617395289293825,0.00007261759267538545,0,0.9952239869387701,2,,real
000016.jpg,700,699,1.0014306151645207,0,0.4893,0,0,0,0,1.3080366226834448,0.4665280746651742,0.047520661157024795,3.3138020833333335,22.184944117788604,8.994369726530781,0.40542674702158954,3.7589355777914313,4.028966087086996,0.932977716004852,0.6689286942509551,-0.00015555518909489606,0,0.9999997142159167,9,,real
000017.jpg,900,600,1.5,0,0.54,0,0,0,0,0.7409214854570635,0.4239438459146692,0.028624192059095107,3.140624999999999,16.20474528537022,9.739221323996826,0.601010454190198,3.668720939596932,4.116654746086405,0.8911898533839128,0.6627147031017349,-0.000011475918476349507,0,0.9999999634162757,9,,real
000018.jpg,1024,719,1.4242002781641168,0,0.736256,0,0,0,0,0.5461973439911258,0.38939582605367873,0.050694444444444445,3.2786458333333335,5.508467256313425,4.869250579336876,0.8839574336683362,3.2595674904054555,3.9127857240239856,0.833055454683384,0.9402390737161817,-0.00005129812860095371,0,0.9999721496076129,12,,real
000019.jpg,2000,1333,1.5003750937734435,0,2.666,1,0,0,0,0.5068223214285715,0.4106116405506988,0.03485714285714286,2.7875,12.472482904373647,12.108118744690314,0.9707865576985025,3.7434837392242293,4.065469562316407,0.9207998441122954,0.6469352522162506,0.00003153543105977978,0,0.8890380904860488,0,,real
000020.jpg,1024,683,1.499267935578331,0,0.699392,0,0,0,0,0.7193949338497612,0.5187644276022765,0.015625,2.3645833333333326,9.15969206895211,7.54792336720765,0.8240368028082794,3.4829146249312424,3.9095124837495634,0.8908820829728682,0.8814580608994702,-0.00008840872470874263,0,0.9999999446275549,15,,real
000021.jpg,800,533,1.5009380863039399,0,0.4264,0,0,1,0,0.7970493259803918,0.6110860926688181,0.05529411764705883,2.945312500000001,10.5485026294177,10.6415437352323,1.008820314037286,3.5496856115936857,3.885336001190388,0.9136109748310401,0.8243823757588586,-0.0000470014396075333,0,0.9999983664748986,5,gd-jpeg,real
000022.jpg,626,626,1,0,0.391876,0,0,0,0,1.5995100911458306,0.645928515483691,0.025,3.779947916666667,19.013382471524036,10.808321262593406,0.568458625327756,3.690823487057551,4.048291119386092,0.911699128894972,0.7095462612377927,0.00009551445446711217,0,0.9960915831678143,3,,real
000023.jpg,626,626,1,0,0.391876,0,0,0,0,1.3279288736979171,0.6867385074071959,0.031875,4.1796875,14.797210846820398,10.030333263382929,0.6778529661580264,3.537193243064326,4.164353536883399,0.8493979225672468,0.6364456225427637,0.000039320372322021896,0,0.9999970750477735,1,,real
000024.jpg,627,600,1.045,0,0.3762,0,0,0,0,0.3268586097404976,0.2404116930380777,0.04276315789473684,1.674479166666667,8.152706172798899,9.9916481381586,1.2255621540115404,3.428640154076816,3.9958790884799074,0.858044019390267,0.7176610176567726,0.0000010212327165892418,0,0.9277332793799675,0,,real
000025.jpg,1600,899,1.7797552836484982,0,1.4384,0,0,0,0,0.2942792854532165,0.17825125862348756,0.04912280701754386,1.15625,2.6981520992756813,2.604082323795152,0.9651354808701176,3.0966568843017974,3.6916118883630453,0.8388359822069307,0.9742559072799297,-0.00021810803001502118,0,0.9989648739880177,4,,real
000026.jpg,1280,851,1.5041128084606346,0,1.08928,0,0,0,0,0.9477022649819971,0.6999705016644577,0.01898148148148148,2.917968750000001,12.400669802079996,14.358552102707696,1.1578852055474698,3.6848336488971998,4.132810690128313,0.8916047516279522,0.6731501357560044,-0.0001455054477103266,0,0.9998868610147824,4,,real
000028.jpg,1792,1024,1.75,0,1.835008,0,0,0,0,0.8792241414388006,0.472909225076096,0.048130580357142856,3.5937499999999987,11.22748011360467,8.783266245071097,0.7823007617201791,3.6234923819112437,4.050220556993937,0.894640756206272,0.652327542793365,0.00004008181175849819,0,0.9999999987442567,19,,real
000029.jpg,1024,683,1.499267935578331,0,0.699392,0,0,1,0,0.15247532614021772,0.12215352105761942,0.020348837209302327,0.92578125,7.9209780555770495,9.36388152661838,1.1821622861365464,3.4672678551950273,4.108359961259913,0.8439542513046298,0.6655456024630437,-0.00003440676825358062,0,0.6044460167094355,0,gd-jpeg,real
000030.jpg,736,1104,0.6666666666666666,0,0.812544,0,0,0,0,0.1954253144034868,0.2682328937713701,0.03843730308758664,1.8007812500000009,8.756443429698388,15.123299896793396,1.7271053045921765,3.631792300767611,4.15978230199668,0.8730726843624399,0.8665863127183444,-0.00018061654323143944,0,0.06947671138067398,0,,real
000031.jpg,1024,768,1.3333333333333333,0,0.786432,0,0,0,0,0.4449551900227864,0.3229855423532149,0.0400390625,2.4466145833333344,4.562961295668738,5.136105686847981,1.125607988768891,3.249299446682889,3.928926598886322,0.8270196362548291,0.6321720906228832,0.000022656242735859443,0,0.12489302670520191,0,,real
000032.jpg,1024,683,1.499267935578331,0,0.699392,0,0,0,0,2.75016000759778,1.199845706219066,0.03670058139534884,9.859375000000005,18.22751460470009,9.948235754586056,0.5457812527013878,3.7334090049147544,4.072869082502327,0.9166533294561455,0.6752232100949662,-0.0001275290497962738,0,0.9999999077712127,28,,real
000033.jpg,1300,957,1.3584117032392895,0,1.2441,0,0,0,0,1.3241118309620596,1.4424092920971618,0.057926829268292686,6.928385416666668,7.397589607807185,10.201189610857497,1.3789883126378732,3.516072792788765,3.8728516544628184,0.9078769616019439,0.9399998460835723,-0.00014070551348097177,0,0.9915188906356389,1,,real
000034.jpg,800,450,1.7777777777777777,0,0.36,0,0,0,0,0.2845249640804597,0.5265642877204436,0.043448275862068966,4.613281249999999,5.6741269657389575,8.238084516513622,1.4518682021491836,3.2859526621345583,3.882097756857489,0.8464373820391625,0.6279319387966558,-0.0002828215616571208,0,0,0,,real
000036.jpg,853,1280,0.66640625,0,1.09184,0,0,0,0,1.6073617742091046,0.8699040433623494,0.016666666666666666,5.278645833333332,16.386835191668453,9.977441047602632,0.608869310693712,3.698706187872506,3.9934715927525937,0.9261881803754328,0.6479647131054618,-0.00021319323397578607,0,0.9999999639872538,30,,real
000037.jpg,626,626,1,0,0.391876,0,0,0,0,0.688881835937501,0.5597637376702447,0.05875,3.0273437500000018,6.53148934141568,7.30937662524769,1.1190979948324322,3.3101669217158842,3.922927512800306,0.8438001749751898,0.6122940891952795,-0.00016762182199823718,0,0.998960868689525,2,,real
000038.jpg,626,626,1,0,0.391876,0,0,0,0,1.0160856119791661,0.5444633606024459,0.048125,3.0013020833333326,6.7690209386558715,6.596544607835786,0.9745197522089015,3.270200981286353,3.886088908234852,0.841514710164403,0.6278832083531811,-0.00009762142690190237,0,0.9947881631840758,3,,real
000039.jpg,1024,683,1.499267935578331,0,0.699392,0,0,1,0,0.15247532614021772,0.12215352105761942,0.020348837209302327,0.92578125,7.9209780555770495,9.36388152661838,1.1821622861365464,3.4672678551950273,4.108359961259913,0.8439542513046298,0.6655456024630437,-0.00003440676825358062,0,0.6044460167094355,0,gd-jpeg,real
000041.jpg,1280,720,1.7777777777777777,0,0.9216,0,0,0,0,0.8402329282407404,0.7134616879447352,0.04583333333333333,4.358072916666668,11.979477353495547,12.26051234566326,1.0234597039482451,3.6665118237478853,4.233489568245902,0.866073192018532,0.7750724412699572,-0.00021601518283932957,0,1.7085212895190265e-9,0,,real
000047.jpg,736,1104,0.6666666666666666,0,0.812544,0,0,0,0,0.46847514308968663,0.4983936156601483,0.07214870825456837,3.3203124999999987,15.925364042205041,14.449893701659517,0.9073509191604496,3.7011355719393815,4.196046246396903,0.8820530934608989,0.9270750697519636,-0.00021922812446177262,0,0.9967079077663239,4,,real
000048.jpg,960,638,1.5047021943573669,0,0.61248,1,0,0,0,1.3798914155505957,1.0146517902552936,0.017083333333333332,4.597656250000003,14.31832686870457,14.403253474750057,1.005931321922194,3.6767860539928727,4.148599274277922,0.8862716813334134,0.7804117721088324,-0.00032411810381012855,0,0.9998800846034483,9,,real
000049.jpg,235,333,0.7057057057057057,0,0.078255,0,0,0,0,0.7459227693602694,0.4083436483980662,0.047619047619047616,2.6287878787878785,24.955323512046725,18.312258221291945,0.733801676121411,3.494184392992771,4.225226446020119,0.8269815683569006,0.7626551160639168,-0.00010456620021035162,0,0.9999998779279119,20,,real
000050.jpg,1280,853,1.5005861664712778,0,1.09184,0,0,0,0,1.0504939477237665,0.4174377447773553,0.0349537037037037,2.744791666666666,11.439720848009895,6.824395461600181,0.5965526215429797,3.5791932488530374,3.9757102136981786,0.9002651240829991,0.7019037536505404,-0.00006573180444989346,0,0.9999996526596148,31,,real
000054.jpg,700,524,1.3358778625954197,0,0.3668,0,0,0,0,0.6058184831267214,0.46586080646350203,0.05578512396694215,2.494791666666666,7.542514872608187,6.44818406709249,0.8549116807856847,3.326805513714052,3.7479348450990684,0.8876369657450957,0.6636622475758602,-0.00006965519389771282,0,0.999525162361263,3,,real
000057.jpg,1024,684,1.4970760233918128,0,0.700416,0,0,0,0,1.7552300978076547,0.835997722026393,0.0003633720930232558,3.5625,18.34984414991878,14.470186594831823,0.7885727244662114,3.7419870619833007,4.144887557325066,0.902795796081431,0.6438282500357699,0.00006609431832787035,0,0.9975465342573601,9,,real
000059.jpg,1280,1280,1,0,1.6384,0,0,0,0,0.4281890869140621,0.4127795981702069,0.05859375,2.0638020833333326,3.7587945519880996,5.08694181744495,1.3533439370221412,3.2532590461235777,3.752076634223021,0.8670555970126825,0.6065084981759212,-0.0002272060322431002,0,0.9975092808558481,2,,real
000035.jpeg,9504,6336,1.5,0,60.217344,0,0,0,0,1.3741107318521106,1.3297176113439795,0.06776119402985074,9.367187499999998,4.606813800753465,7.287127541842873,1.581815080229861,3.4698025601843874,3.93997338370045,0.8806664975298705,0.8455501969548118,-0.000049776159916830604,0,0.8595344064916463,0,,real
000035.jpg,1620,1080,1.5,0,1.7496,0,0,0,0,1.965547511024419,0.8508013828241446,0.015970149253731344,4.749999999999999,16.668849895535484,10.656254948022394,0.6392915536948066,3.7843319776520192,4.19294635358165,0.9025471967747478,0.6389184396947725,-0.00006752429021749732,0,0.9999970185975566,22,,real
000036.jpeg,5596,3731,1.4998659876708658,0,20.878676,0,0,0,0,3.036397557666221,0.9047855700887129,0.013134328358208954,6.722656249999998,17.062549387635034,10.718904359167917,0.6282123565271988,3.7522884474866784,4.058668173801312,0.9245122505228899,0.7989078099192364,-0.0001767880862607652,0,0.9999987633835986,24,,real
000037.jpeg,6000,4000,1.5,0,24,0,0,0,0,1.4074550719414303,1.1407950860464782,0.02716417910447761,4.798177083333336,5.862715140995863,7.935561311611212,1.3535641969231424,3.4922292854996844,3.9794896734763325,0.8775570668710906,0.8161465151731226,-0.000008113670147178032,0,0.0854137873982832,0,,real
000038.jpeg,3190,4785,0.6666666666666666,0,15.26415,0,0,0,0,1.982400532847135,0.7060508449911223,0.05238805970149254,5.473958333333337,4.1054322069354034,3.6281042801309633,0.8837326004316722,3.20138877393387,3.672972540888657,0.8716070534955075,1.0381178845398988,-0.00016906098652853658,0,0.999988996632763,12,,real
000039.jpeg,6720,4480,1.5,0,30.1056,0,0,0,0,1.0729870533695174,0.7322352504693435,0.04283582089552239,5.011718750000001,5.525287388281254,5.670820565674339,1.0263394765133396,3.446604965607143,3.9542330989949392,0.8716241251642899,0.6433558640919985,-0.00018665576466278172,0,0.9992200755616769,4,,real
000040.jpeg,4160,6240,0.6666666666666666,0,25.9584,0,0,0,0,1.5368493116802349,0.7117052771583471,0.07970149253731343,4.660156250000001,4.726123491257157,5.861361940254666,1.2402049906435122,3.383836257571417,3.998200860012362,0.8463397353080843,0.7326392200777203,-0.0002856802495388514,0,0.9999999411195554,21,,real
000042.jpeg,5903,3935,1.5001270648030496,0,23.228305,0,0,0,0,2.056350032507911,1.3285215475870196,0.007313432835820896,7.7109374999999964,19.21439261488287,18.808794018142088,0.9788908967943843,3.8046802013602927,4.143810330146734,0.9181598331566414,0.7074357700012364,-0.0001379136092296139,0,0.9999997283964317,2,,real
000043.jpeg,2800,4200,0.6666666666666666,0,11.76,0,0,0,0,2.4868459725520142,0.6294008444796522,0.005373134328358209,4.407552083333331,6.465620043725593,4.077166430951575,0.6305917148515654,3.394039198609582,3.941064633070816,0.8611985629794149,0.6455278222411334,-0.000050444227327770954,0,0.9999988871732289,35,,real
000044.jpeg,6000,4000,1.5,0,24,0,0,0,0,1.5564386695782446,0.600107762916368,0.04611940298507463,5.812499999999996,6.903800436764462,5.813243894115437,0.8420353321858002,3.4758637246665387,3.980254213562373,0.8732768155417895,0.6776434933124316,0.000015317010784463816,0,0.9882882010824655,6,,real
000045.jpeg,5815,3877,1.499871034304875,0,22.544755,0,0,0,0,1.5808993385346064,0.8937597803407462,0.0608955223880597,5.037760416666668,7.429465715516039,6.934787305320409,0.9334166911676407,3.514501319185552,4.059162263818943,0.8658193712805747,0.6204055126061574,-0.00010672407408478971,0,0.9999070681354152,4,,real
000046.jpeg,5472,3648,1.5,0,19.961856,0,0,0,0,1.5205719626300322,0.7650895143860706,0.0617910447761194,4.962239583333333,4.819051378611442,7.05976017334032,1.4649688535536043,3.4581012870645127,3.8541700685094833,0.897236298760905,0.8195610027080873,-0.00012896021470363138,0,0.9996419191621776,3,,real
000051.jpeg,5304,7952,0.6670020120724346,0,42.177408,0,0,0,0,1.7752232622399386,1.0154949447891821,0.07,7.127604166666669,5.708753119557295,6.1151064631840075,1.0711807526296082,3.4285110288255187,3.9784560194577545,0.86176924215259,0.7392991074965218,-0.0002336892021365094,0,0.9999999996487119,26,,real
000052.jpeg,7952,5304,1.4992458521870287,0,42.177408,0,0,0,0,1.7009527469188146,0.8737484374443035,0.060149253731343284,7.061197916666667,5.411061976631716,5.307108406973264,0.9807886935859566,3.399381351755342,3.9972311955492628,0.8504340093063419,0.6159423688330854,-0.0001872945946301323,0,0.9999999689412389,24,,real
000053.jpeg,2303,3000,0.7676666666666667,0,6.909,0,0,0,0,3.125787619498558,0.8892595247861841,0.03597402597402597,11.821614583333329,13.052964158445716,7.8268683191565795,0.5996238267529699,3.7015618697969286,4.1341731529114805,0.8953572414329365,0.755087469908565,-0.000032578478757281526,0,0.9999999493120056,36,,real
000055.jpeg,4000,2250,1.7777777777777777,0,9,0,0,0,0,1.4210843841374285,1.0252503803460402,0.06596491228070175,6.0898437499999964,7.105962500861951,9.640224511475814,1.3566388100565487,3.5644553716460137,4.114610820815188,0.8662922271078416,0.6931673346600351,-0.00010276709122805814,0,0.9999993180953421,15,,real
000056.jpeg,6240,4160,1.5,0,25.9584,0,0,0,0,1.2955690121834,0.7072094627743761,0.0535820895522388,5.020833333333337,3.5290005300614182,4.1410376880547,1.1734307356373874,3.2531064060392505,3.793047967365161,0.8576496880684109,0.6477161531492204,-0.00031282835824782867,0,0.9951528450336008,2,,real
000058.jpg,1920,1080,1.7777777777777777,0,2.0736,0,0,0,0,2.1083431560672508,2.027929243024341,0.00017543859649122806,6.442708333333339,9.262056136413333,9.893455530425957,1.0681705427729278,3.541097542674016,3.7511072713236473,0.9440139368300375,0.6323045749846887,-0.00014899756697278678,0,0.3714801752144683,0,,real
forged doc.jpg,200,200,1,0,0.04,0,0,0,0,1.2063224235700205,0.6614656429681326,0.04142011834319527,3.1614583333333335,13.657002501061825,9.659322428782694,0.707279831575903,3.4178711561541184,3.8216090010600965,0.8943539632667855,0.778443085297504,-0.00030905513584866617,0,0.9999463838103974,12,,ai
